{
  "swagger": "2.0",
  "info": {
    "description": "Documentación oficial de la API para el sistema de Casino UDP.",
    "version": "1.0.0",
    "title": "Swagger Casino UDP | Sebastián Cabezas y Dante Libiot",
    "termsOfService": "http://swagger.io/terms/",
    "contact": {
      "email": "apiteam@swagger.io"
    },
    "license": {
      "name": "Apache 2.0",
      "url": "http://www.apache.org/licenses/LICENSE-2.0.html"
    }
  },
  "host": "udp.coningenio.cl",
  "basePath": "/2025-2/comboCompleto/api/v1",
  "tags": [
    {
      "name": "Apellido Orden",
      "description": "Orden de los apellidos de una persona en el sistema"
    },
    {
      "name": "Billetera",
      "description": "Operaciones sobre la billetera de un usuario"
    },
    {
      "name": "Billetera Historial",
      "description": "Log de transacciones (cargas y gastos) de la billetera"
    },
    {
      "name": "Billetera Registro Tipo",
      "description": "Tipos de registros del historial (ej: Carga, Gasto, Apuesta)"
    },
    {
      "name": "Documento Identidad",
      "description": "Documentos de una persona (RUT, Pasaporte, etc.)"
    },
    {
      "name": "Persona",
      "description": "Operaciones sobre la entidad Persona y sus documentos"
    }
  ],
  "schemes": [
    "https",
    "http"
  ],
  "paths": {
    "/apellido_orden/": {
      "get": {
        "tags": [
          "Apellido Orden"
        ],
        "summary": "Obtiene la lista de todos los ApellidoOrden",
        "description": "Retorna un array con todos los registros de 'apellido_orden'.",
        "operationId": "getAllApellidoOrden",
        "produces": [
          "application/json"
        ],
        "parameters": [],
        "responses": {
          "200": {
            "description": "Operación Exitosa. Retorna un array de objetos.",
            "schema": {
              "type": "array",
              "items": {
                "$ref": "#/definitions/ApellidoOrden"
              }
            }
          },
          "401": {
            "description": "No Autorizado"
          }
        },
        "security": [
          {
            "Authorization": []
          }
        ]
      }
    },
    "/apellido_orden/{id}/": {
      "get": {
        "tags": [
          "Apellido Orden"
        ],
        "summary": "Encuentra un orden de apellido por id",
        "description": "Retorna un solo objeto del tipo ApellidoOrden basado en su ID.",
        "operationId": "getApellidoOrdenById",
        "produces": [
          "application/json"
        ],
        "parameters": [
          {
            "name": "id",
            "in": "path",
            "description": "Identificador Único del registro a buscar.",
            "required": true,
            "type": "integer",
            "format": "int64"
          }
        ],
        "responses": {
          "200": {
            "description": "Operación Exitosa. Retorna un objeto.",
            "schema": {
              "$ref": "#/definitions/ApellidoOrden"
            }
          },
          "401": {
            "description": "No Autorizado"
          },
          "404": {
            "description": "No Encontrado",
            "schema": {
              "$ref": "#/definitions/Error404"
            }
          }
        },
        "security": [
          {
            "Authorization": []
          }
        ]
      }
    },
    "/billetera/": {
      "get": {
        "tags": [
          "Billetera"
        ],
        "summary": "Obtiene la lista de todas las billeteras",
        "description": "Retorna un array con todas las billeteras registradas.",
        "operationId": "getAllBilleteras",
        "produces": [
          "application/json"
        ],
        "parameters": [],
        "responses": {
          "200": {
            "description": "Operación Exitosa. Retorna un array de objetos Billetera.",
            "schema": {
              "type": "array",
              "items": {
                "$ref": "#/definitions/Billetera"
              }
            }
          },
          "401": {
            "description": "No Autorizado"
          }
        },
        "security": [
          {
            "Authorization": []
          }
        ]
      }
    },
    "/billetera/{id}/": {
      "get": {
        "tags": [
          "Billetera"
        ],
        "summary": "Encuentra una Billetera por id",
        "description": "Retorna un solo objeto Billetera basado en su ID.",
        "operationId": "getBilleteraById",
        "produces": [
          "application/json"
        ],
        "parameters": [
          {
            "name": "id",
            "in": "path",
            "description": "ID de la Billetera a buscar.",
            "required": true,
            "type": "integer",
            "format": "int64"
          }
        ],
        "responses": {
          "200": {
            "description": "Operación Exitosa. Retorna un objeto.",
            "schema": {
              "$ref": "#/definitions/Billetera"
            }
          },
          "401": {
            "description": "No Autorizado"
          },
          "404": {
            "description": "Billetera No Encontrada",
            "schema": {
              "$ref": "#/definitions/Error404"
            }
          }
        },
        "security": [
          {
            "Authorization": []
          }
        ]
      }
    },
    "/billetera_historico/": {
      "get": {
        "tags": [
          "Billetera Historial"
        ],
        "summary": "Obtiene todo el historial de transacciones",
        "description": "Retorna un array con todos los registros del historial de billeteras.",
        "operationId": "getAllBilleteraHistorico",
        "produces": [
          "application/json"
        ],
        "parameters": [],
        "responses": {
          "200": {
            "description": "Operación Exitosa. Retorna un array de objetos.",
            "schema": {
              "type": "array",
              "items": {
                "$ref": "#/definitions/BilleteraHistorico"
              }
            }
          },
          "401": {
            "description": "No Autorizado"
          }
        },
        "security": [
          {
            "Authorization": []
          }
        ]
      }
    },
    "/billetera_historico/{id}/": {
      "get": {
        "tags": [
          "Billetera Historial"
        ],
        "summary": "Encuentra un registro del historial por ID",
        "description": "Retorna un solo registro del historial basado en su ID.",
        "operationId": "getBilleteraHistoricoById",
        "produces": [
          "application/json"
        ],
        "parameters": [
          {
            "name": "id",
            "in": "path",
            "description": "ID del registro del historial a buscar.",
            "required": true,
            "type": "integer",
            "format": "int64"
          }
        ],
        "responses": {
          "200": {
            "description": "Operación Exitosa. Retorna un objeto.",
            "schema": {
              "$ref": "#/definitions/BilleteraHistorico"
            }
          },
          "401": {
            "description": "No Autorizado"
          },
          "404": {
            "description": "Registro No Encontrado",
            "schema": {
              "$ref": "#/definitions/Error404"
            }
          }
        },
        "security": [
          {
            "Authorization": []
          }
        ]
      }
    },
    "/billetera_registro_historico_tipo/": {
      "get": {
        "tags": [
          "Billetera Registro Tipo"
        ],
        "summary": "Obtiene los tipos de registros del historial",
        "description": "Retorna un array con todos los tipos de registros de billetera (ej: Carga, Gasto).",
        "operationId": "getAllBilleteraRegistroTipo",
        "produces": [
          "application/json"
        ],
        "parameters": [],
        "responses": {
          "200": {
            "description": "Operación Exitosa. Retorna un array de objetos.",
            "schema": {
              "type": "array",
              "items": {
                "$ref": "#/definitions/BilleteraRegistroTipo"
              }
            }
          },
          "401": {
            "description": "No Autorizado"
          }
        },
        "security": [
          {
            "Authorization": []
          }
        ]
      }
    },
    "/billetera_registro_historico_tipo/{id}/": {
      "get": {
        "tags": [
          "Billetera Registro Tipo"
        ],
        "summary": "Encuentra un tipo de registro por ID",
        "description": "Retorna un solo tipo de registro de billetera basado en su ID.",
        "operationId": "getBilleteraRegistroTipoById",
        "produces": [
          "application/json"
        ],
        "parameters": [
          {
            "name": "id",
            "in": "path",
            "description": "ID del tipo de registro a buscar.",
            "required": true,
            "type": "integer",
            "format": "int64"
          }
        ],
        "responses": {
          "200": {
            "description": "Operación Exitosa. Retorna un objeto.",
            "schema": {
              "$ref": "#/definitions/BilleteraRegistroTipo"
            }
          },
          "401": {
            "description": "No Autorizado"
          },
          "404": {
            "description": "Tipo de Registro No Encontrado",
            "schema": {
              "$ref": "#/definitions/Error404"
            }
          }
        },
        "security": [
          {
            "Authorization": []
          }
        ]
      }
    },
    "/documento_identidad/": {
      "get": {
        "tags": [
          "Documento Identidad"
        ],
        "summary": "Obtiene documentos de identidad por ID de Persona",
        "description": "Retorna un array de documentos asociados a una 'persona_id' específica, enviada como query parameter.",
        "operationId": "getDocumentosByPersonaId",
        "produces": [
          "application/json"
        ],
        "parameters": [
          {
            "name": "personaId",
            "in": "query",
            "description": "ID de la persona a la que pertenecen los documentos.",
            "required": true,
            "type": "integer",
            "format": "int64"
          }
        ],
        "responses": {
          "200": {
            "description": "Operación Exitosa. Retorna un array de objetos (puede estar vacío).",
            "schema": {
              "type": "array",
              "items": {
                "$ref": "#/definitions/DocumentoIdentidad"
              }
            }
          },
          "401": {
            "description": "No Autorizado o Faltan parámetros (si 'personaId' no se envía)"
          }
        },
        "security": [
          {
            "Authorization": []
          }
        ]
      }
    },
    "/persona/": {
      "get": {
        "tags": [
          "Persona"
        ],
        "summary": "Obtiene la lista de todas las Personas",
        "description": "Retorna un array con todos los registros de 'persona' y sus documentos de identidad anidados.",
        "operationId": "getAllPersonas",
        "produces": [
          "application/json"
        ],
        "parameters": [],
        "responses": {
          "200": {
            "description": "Operación Exitosa. Retorna un array de objetos Persona.",
            "schema": {
              "type": "array",
              "items": {
                "$ref": "#/definitions/Persona"
              }
            }
          },
          "401": {
            "description": "No Autorizado"
          }
        },
        "security": [
          {
            "Authorization": []
          }
        ]
      }
    },
    "/persona/{id}/": {
      "get": {
        "tags": [
          "Persona"
        ],
        "summary": "Encuentra una Persona por id",
        "description": "Retorna un solo objeto Persona con sus documentos, basado en su ID.",
        "operationId": "getPersonaById",
        "produces": [
          "application/json"
        ],
        "parameters": [
          {
            "name": "id",
            "in": "path",
            "description": "ID de la Persona a buscar.",
            "required": true,
            "type": "integer",
            "format": "int64"
          }
        ],
        "responses": {
          "200": {
            "description": "Operación Exitosa. Retorna un objeto.",
            "schema": {
              "$ref": "#/definitions/Persona"
            }
          },
          "401": {
            "description": "No Autorizado"
          },
          "404": {
            "description": "Persona No Encontrada",
            "schema": {
              "$ref": "#/definitions/Error404"
            }
          }
        },
        "security": [
          {
            "Authorization": []
          }
        ]
      }
    }    
  },
  "securityDefinitions": {
    "Authorization": {
      "type": "apiKey",
      "name": "Authorization",
      "in": "header",
      "description": "Token Bearer requerido. Usa el formato: 'Bearer udp.2025'"
    }
  },
  "security": [
    {
      "Authorization": []
    }
  ],
  "definitions": {
    "ApiResponse": {
      "type": "object",
      "properties": {
        "code": {
          "type": "integer",
          "format": "int32"
        },
        "type": {
          "type": "string"
        },
        "message": {
          "type": "string"
        }
      }
    },
    "Error404": {
      "type": "object",
      "properties": {
        "error": {
          "type": "string",
          "example": "No Encontrado"
        }
      }
    },
    "ApellidoOrden": {
      "type": "object",
      "properties": {
        "id": {
          "type": "integer",
          "format": "int64",
          "example": 1
        },
        "nombre": {
          "type": "string",
          "example": "Primero Paterno"
        },
        "activo": {
          "type": "boolean",
          "example": true
        }
      }
    },
    "Billetera": {
      "type": "object",
      "properties": {
        "id": {
          "type": "integer",
          "format": "int64",
          "example": 1
        },
        "usuario": {
          "type": "object",
          "properties": {
            "id": {
              "type": "integer",
              "example": 1
            }
          }
        },
        "saldo": {
          "type": "integer",
          "format": "int64",
          "example": 50000
        },
        "activo": {
          "type": "boolean",
          "example": true
        }
      }
    },
    "BilleteraHistorico": {
      "type": "object",
      "properties": {
        "id": {
          "type": "integer",
          "format": "int64",
          "example": 1
        },
        "billetera_id": {
          "type": "integer",
          "format": "int64",
          "example": 1
        },
        "fecha": {
          "type": "string",
          "format": "date-time",
          "example": "2025-10-22 18:30:00"
        },
        "tipo_id": {
          "type": "integer",
          "example": 1
        },
        "monto": {
          "type": "integer",
          "format": "int64",
          "example": 5000
        },
        "partida_id": {
          "type": "integer",
          "format": "int64",
          "nullable": true,
          "example": 105
        },
        "activo": {
          "type": "boolean",
          "example": true
        }
      }
    },
    "BilleteraRegistroTipo": {
      "type": "object",
      "properties": {
        "id": {
          "type": "integer",
          "format": "int64",
          "example": 1
        },
        "nombre": {
          "type": "string",
          "example": "Carga Inicial"
        },
        "suma": {
          "type": "boolean",
          "description": "True si suma al saldo, false si resta",
          "example": true
        },
        "activo": {
          "type": "boolean",
          "example": true
        }
      }
    },
    "DocumentoIdentidad": {
      "type": "object",
      "properties": {
        "id": {
          "type": "integer",
          "example": 10
        },
        "valor": {
          "type": "string",
          "example": "11.111.111-1"
        },
        "nombres": {
          "type": "string",
          "example": "Juan Andrés"
        },
        "apellidos": {
          "type": "object",
          "properties": {
            "materno": {
              "type": "string",
              "example": "Pérez"
            },
            "paterno": {
              "type": "string",
              "example": "González"
            },
            "orden": {
              "type": "object",
              "properties": {
                "id": {
                  "type": "integer",
                  "example": 1
                },
                "nombre": {
                  "type": "string",
                  "example": "Paterno, Materno"
                }
              }
            }
          }
        },
        "nacionalidad": {
          "type": "object",
          "properties": {
            "id": {
              "type": "integer",
              "example": 1
            },
            "nombre": {
              "type": "string",
              "example": "Chilena"
            }
          }
        },
        "genero": {
          "type": "object",
          "properties": {
            "id": {
              "type": "integer",
              "example": 1
            },
            "nombre": {
              "type": "string",
              "example": "Masculino"
            }
          }
        },
        "tipo": {
          "type": "object",
          "properties": {
            "id": {
              "type": "integer",
              "example": 1
            },
            "nombre": {
              "type": "string",
              "example": "RUT"
            }
          }
        },
        "activo": {
          "type": "boolean",
          "example": true
        }
      }
    },
     "Persona": {
      "type": "object",
      "properties": {
        "id": {
          "type": "integer",
          "format": "int64",
          "example": 1
        },
        "documento_identidad": {
          "type": "array",
          "items": {
            "$ref": "#/definitions/DocumentoIdentidad"
          }
        },
        "activo": {
          "type": "boolean",
          "example": true
        }
      }
    }
  },
  "externalDocs": {
    "description": "Find out more about Swagger",
    "url": "http://swagger.io"
  }
}